"Report","forecast","Company","43e6a825-d1b7-429a-8608-7e668087d005","Cutoff UTC","2026-10-08","Through UTC","2026-10-22"
"Observed UTC","2026-10-08T17:54:45.5716362Z","Calculation","finance-operational/1.0","Currency","","Bucket",""
"Meaning","Obligation source: fortnox. Current recorded positive booked operational obligations issued/received before the end of the UTC cutoff day, less current retained paid amounts. Excludes simulation, paid, cancelled and credit documents. Not a reconstructed historical ledger; later settlements can change past-cutoff results."
"Forecast assumptions","Starting cash is the owning Finance cash account evidence at cutoff. All included open balances due on or before the horizon, including overdue balances, are assumed collected or paid in full. No probability, new sales, recurring unrecorded costs, payment requests or FX conversion. Bucket and currency filters also constrain forecast flows."
"Coverage gap","Cash and cash equivalents: no retained balance snapshot; opening evidence is used."
"Coverage gap","Kassaförskott: no retained balance snapshot; opening evidence is used."
"Coverage gap","Kassa: no retained balance snapshot; opening evidence is used."
"Coverage gap","Huvudkassa: no retained balance snapshot; opening evidence is used."
"Coverage gap","Kassa 2: no retained balance snapshot; opening evidence is used."
"Coverage gap","Kassa 3: no retained balance snapshot; opening evidence is used."
"Coverage gap","PlusGiro: no retained balance snapshot; opening evidence is used."
"Coverage gap","Företagskonto: no retained balance snapshot; opening evidence is used."
"Coverage gap","Övriga bankkonton: no retained balance snapshot; opening evidence is used."
"Coverage gap","Bankcertifikat: no retained balance snapshot; opening evidence is used."
"Coverage gap","Koncernkonto moderföretag: no retained balance snapshot; opening evidence is used."
"Coverage gap","Särskilda bankkonton: no retained balance snapshot; opening evidence is used."
"Coverage gap","Upphovsmannakonto: no retained balance snapshot; opening evidence is used."
"Coverage gap","Skogskonto: no retained balance snapshot; opening evidence is used."
"Coverage gap","Spärrade bankmedel: no retained balance snapshot; opening evidence is used."
"Coverage gap","Övriga särskilda bankkonton: no retained balance snapshot; opening evidence is used."
"Coverage gap","Valutakonton: no retained balance snapshot; opening evidence is used."
"Coverage gap","Redovisningsmedel: no retained balance snapshot; opening evidence is used."
"Currency","Starting cash","Expected inflows","Expected outflows","Projected cash"
"SEK","109750.00","63262.00","0","173012.00"
"Cash account","Amount","Currency","Source observed UTC","Basis"
"Cash and cash equivalents","0.00","SEK","2026-01-01T00:00:00.0000000Z","Recorded opening balance plus posted cash movements through cutoff; no retained balance snapshot."
"Kassaförskott","0.00","SEK","2026-05-13T11:24:50.3837508Z","Recorded opening balance plus posted cash movements through cutoff; no retained balance snapshot."
"Kassa","0.00","SEK","2026-05-13T11:24:50.8568552Z","Recorded opening balance plus posted cash movements through cutoff; no retained balance snapshot."
"Huvudkassa","0.00","SEK","2026-05-13T11:24:50.8594994Z","Recorded opening balance plus posted cash movements through cutoff; no retained balance snapshot."
"Kassa 2","0.00","SEK","2026-05-13T11:24:50.8619394Z","Recorded opening balance plus posted cash movements through cutoff; no retained balance snapshot."
"Kassa 3","0.00","SEK","2026-05-13T11:24:50.8649143Z","Recorded opening balance plus posted cash movements through cutoff; no retained balance snapshot."
"PlusGiro","0.00","SEK","2026-05-13T11:24:50.8674173Z","Recorded opening balance plus posted cash movements through cutoff; no retained balance snapshot."
"Företagskonto","109750.00","SEK","2026-05-13T11:24:50.8698350Z","Recorded opening balance plus posted cash movements through cutoff; no retained balance snapshot."
"Övriga bankkonton","0.00","SEK","2026-05-13T11:24:50.8722174Z","Recorded opening balance plus posted cash movements through cutoff; no retained balance snapshot."
"Bankcertifikat","0.00","SEK","2026-05-13T11:24:50.8745963Z","Recorded opening balance plus posted cash movements through cutoff; no retained balance snapshot."
"Koncernkonto moderföretag","0.00","SEK","2026-05-13T11:24:50.8768925Z","Recorded opening balance plus posted cash movements through cutoff; no retained balance snapshot."
"Särskilda bankkonton","0.00","SEK","2026-05-13T11:24:50.8792843Z","Recorded opening balance plus posted cash movements through cutoff; no retained balance snapshot."
"Upphovsmannakonto","0.00","SEK","2026-05-13T11:24:50.8818528Z","Recorded opening balance plus posted cash movements through cutoff; no retained balance snapshot."
"Skogskonto","0.00","SEK","2026-05-13T11:24:50.8842877Z","Recorded opening balance plus posted cash movements through cutoff; no retained balance snapshot."
"Spärrade bankmedel","0.00","SEK","2026-05-13T11:24:50.8867760Z","Recorded opening balance plus posted cash movements through cutoff; no retained balance snapshot."
"Övriga särskilda bankkonton","0.00","SEK","2026-05-13T11:24:50.8898303Z","Recorded opening balance plus posted cash movements through cutoff; no retained balance snapshot."
"Valutakonton","0.00","SEK","2026-05-13T11:24:50.8940653Z","Recorded opening balance plus posted cash movements through cutoff; no retained balance snapshot."
"Redovisningsmedel","0.00","SEK","2026-05-13T11:24:50.8985395Z","Recorded opening balance plus posted cash movements through cutoff; no retained balance snapshot."
"Kind","Id","Number","Counterparty","Due UTC","Days overdue","Bucket","Remaining","Currency","Recorded status","Source updated UTC"
"invoice","5ed64bb5-5980-4ef2-b20d-3dbbe37bb27e","1","The little bear brewery","2026-06-11T00:00:00.0000000Z","119","past_due_over_90","188.00","SEK","approved","2026-07-04T06:20:02.3800364Z"
"invoice","08593b80-934a-4005-9015-76a30df052e0","3","The little bear brewery","2026-06-15T00:00:00.0000000Z","115","past_due_over_90","574.00","SEK","approved","2026-07-04T06:20:02.3883504Z"
"invoice","e98428ac-44d9-4a18-810c-56c911073e8e","5","The little bear brewery","2026-06-18T00:00:00.0000000Z","112","past_due_over_90","62500.00","SEK","approved","2026-07-04T07:05:35.8749577Z"
