"Company","77777777-7777-7777-7777-777777777777"
"Report","profit-loss"
"Period","September 2026"
"StartUtc","2026-09-01T00:00:00.0000000"
"EndUtcExclusive","2026-10-01T00:00:00.0000000"
"Currency","SEK"
"Scale","1"
"LayoutVersion","management-statements/1.0"
"Source","posted_journals"
"Snapshot",""
"Checksum",""
"Comparison","August 2026"
"ComparisonStartUtc","2026-08-01T00:00:00.0000000"
"ComparisonEndUtcExclusive","2026-09-01T00:00:00.0000000"
"ComparisonSnapshot","17c5642a-5d56-4bcd-a4e5-ae84401737cb"
"ComparisonChecksum","f266d26294ed390448db6b77a78d7d3dbdabf93c0271641f2b10cedee5316428"
"Warning","BAS subdivisions require a Swedish accounting policy. Accounts use their retained statement classifications."
Post,Amount,Comparison,ChangePercent,AccountId
"Nettoomsättning",1500.00,1000.00,50.00,
"3001 Sales",1500.00,1000.00,,07070707-0707-0707-0707-070707073001
"Övriga rörelseintäkter",0.00,0.00,,
"Summa rörelseintäkter",1500.00,1000.00,50.00,
"Råvaror och handelsvaror",0.00,0.00,,
"Övriga externa kostnader",-500.00,-400.00,,
"5010 Rent",-500.00,-400.00,,07070707-0707-0707-0707-070707075010
"Personalkostnader",0.00,0.00,,
"Avskrivningar",0.00,0.00,,
"Rörelseresultat",1000.00,600.00,66.70,
"Finansiella intäkter",0.00,0.00,,
"Finansiella kostnader",0.00,0.00,,
"Resultat före skatt",1000.00,600.00,66.70,
"Skatt",0.00,0.00,,
"Periodens resultat",1000.00,600.00,66.70,

