"Company","e4e23ff5-570d-4dc4-9ecb-9a9be5c0674d","Year","2026","Month","9","Timezone","Europe/Stockholm","StartUtc","2026-08-31T22:00:00.0000000Z","EndUtcExclusive","2026-09-30T22:00:00.0000000Z","AsOfUtc","2026-10-07T04:54:37.1383038Z","Currency","SEK","Campaign","","SegmentVersion","","ModelVersionId","c1b7f7be-51d9-4b82-bcb3-c87678a04dbf","Calculation","marketing-management.v1"
"Coverage","Cost cohort: immutable touches in [company-local month start, month end), capped at current as-of. Duplicate source versions count once. Known cost is not total spend when costs are missing."
"Coverage","Outcomes: whole recorded attribution windows within the month; explicit model/version and reconciled allocations required. Repeated and overlapping outcome cohorts are excluded. Configured model lookback is disclosed; the captured run window determines actual inclusion."
"Coverage","Economics = known channel/currency cost divided by credited outcome units only with complete included cost and attribution coverage and a positive denominator. Units/currencies are never added together. This is attributed cost per unit, not causal acquisition cost or return on investment."
"Coverage","Campaign budgets, plan ceilings and segment associations are current recorded context, not reconstructed historical actuals. Segment filtering selects linked campaigns; segment-specific outcomes are not inferred. Unmapped contact touches are included only in unfiltered reports."
"Coverage","Missing or failed ingestion has no guaranteed observation instrumentation: absent touches/outcomes remain unavailable, not zero. No provider ingestion or outbound action is triggered by this report."
"Channel","Currency","KnownCost","IncludedTouches","UnknownCosts","AttributedTouches","Unit","AttributedValue","CostPerAttributedUnit","Coverage"
"email","SEK","100.0","1","0","1","leads","5.0","20","Included cost touches have reconciled attribution; recorded cohort only, not causal evidence."
"social","SEK","","1","1","1","leads","5.0","","Costs, currency or reconciled attribution are incomplete. Acquisition economics unavailable."
"TouchId","SubjectType","SubjectId","Channel","Currency","Cost","SourceVersion","Included","OccurredUtc","Source","Coverage"
"5c7e83da-85a0-4530-a7cf-f906198ec7a3","campaign","e073acff-6918-4f19-9d41-ce2d194240d1","social","SEK","","1","True","2026-09-28T00:00:00.0000000Z","social-source","Latest recorded source version; unknown costs remain unavailable."
"7f9ca36d-5405-4be8-989f-3aafe6195857","campaign","e073acff-6918-4f19-9d41-ce2d194240d1","email","SEK","100.0","1","True","2026-09-27T23:00:00.0000000Z","'=quoted,source","Latest recorded source version; unknown costs remain unavailable."
"RunId","Model","ModelId","ModelVersion","ConfiguredLookbackDays","StartUtc","EndUtc","Unit","Value","Included","Coverage","Limitations"
"199d4d9c-25e2-4635-a185-90d750394c69","even:v1","c1b7f7be-51d9-4b82-bcb3-c87678a04dbf","1","30","2026-09-27T22:00:00.0000000Z","2026-09-28T22:00:00.0000000Z","leads","10.0","True","Recorded attribution; not causal experiment evidence.","Configured attribution; no causal uplift."
"Allocation","199d4d9c-25e2-4635-a185-90d750394c69","7f9ca36d-5405-4be8-989f-3aafe6195857","0.5","5.0","model:c1b7f7be51d94b82bcb3c87678a04dbf:v1:touches:1-1"
"Allocation","199d4d9c-25e2-4635-a185-90d750394c69","5c7e83da-85a0-4530-a7cf-f906198ec7a3","0.5","5.0","model:c1b7f7be51d94b82bcb3c87678a04dbf:v1:touches:1-1"
"Model","c1b7f7be-51d9-4b82-bcb3-c87678a04dbf","Even recorded","even","1","30","{}","Configured attribution; no causal uplift."
"Campaign","a9723626-28f8-4195-8a72-e553b33e8e8a","Other recorded allocation","","","Current recorded context"
"Campaign","e073acff-6918-4f19-9d41-ce2d194240d1","Recorded campaign launch","SEK","200.0","Current recorded context"
"SegmentLink","e073acff-6918-4f19-9d41-ce2d194240d1","8820403c-7dd3-402a-9cf2-170c3545d9ad","e487703d-6bf0-436a-bb39-35dda5e0ba28","2","Recorded mapping","Current campaign association, not segment-specific outcomes"
"Plan","cc18c288-7cb3-4f21-9640-4e5d356569b8","Recorded planning limit","SEK","600.0","Recorded planning ceiling, not spend authority"
"PlanAllocation","cc18c288-7cb3-4f21-9640-4e5d356569b8","e073acff-6918-4f19-9d41-ce2d194240d1","200.0","SEK"
"PlanAllocation","cc18c288-7cb3-4f21-9640-4e5d356569b8","a9723626-28f8-4195-8a72-e553b33e8e8a","150.0","SEK"
"Experiment","9ff2a9f0-c1b6-4245-8713-5b6649a88be6","Recorded guarded experiment","e073acff-6918-4f19-9d41-ce2d194240d1","Review response effect","responses","complaints","100","2026-09-27T22:00:00.0000000Z","2026-09-28T22:00:00.0000000Z","0","Recorded experiment decision, sample and guardrail evidence only. Causal eligibility does not establish uplift or channel-wide causality."
"ExperimentDecision","9ff2a9f0-c1b6-4245-8713-5b6649a88be6","8347a3fa-50bd-4c0c-bfe8-aa332892395f","stop_guardrail_breach","100","0.0","True","False","{""guardrail"":""breached""}","A configured guardrail was breached."
